{"cameraMode":{"drawMode":0,"name":"Shaded","section":"Shading Mode"},"sceneLighting":true,"audioPlay":false,"sceneViewState":{"showFog":true,"showMaterialUpdate":true,"showSkybox":true,"showFlares":true,"showImageEffects":true,"showParticleSystems":true},"in2DMode":false,"pivot":{"x":0.19245225191116334,"y":3.1091370582580568,"z":-2.152830123901367},"rotation":{"x":0.15040980279445649,"y":0.15940967202186585,"z":-0.024583181366324426,"w":0.9753883481025696},"size":70.44743347167969,"orthographic":false}