{"cameraMode":{"drawMode":0,"name":"Shaded","section":"Shading Mode"},"sceneLighting":true,"audioPlay":false,"sceneViewState":{"showFog":true,"showMaterialUpdate":true,"showSkybox":true,"showFlares":true,"showImageEffects":true,"showParticleSystems":true},"in2DMode":false,"pivot":{"x":3.363205909729004,"y":19.102317810058595,"z":15.004997253417969},"rotation":{"x":0.33564281463623049,"y":-0.055062972009181979,"z":0.019657529890537263,"w":0.9401733875274658},"size":112.31253051757813,"orthographic":false}