{"cameraMode":{"drawMode":0,"name":"Shaded","section":"Shading Mode"},"sceneLighting":true,"audioPlay":false,"sceneViewState":{"showFog":true,"showMaterialUpdate":true,"showSkybox":true,"showFlares":true,"showImageEffects":true,"showParticleSystems":true},"in2DMode":false,"pivot":{"x":13.81315803527832,"y":16.532779693603517,"z":4.6079864501953129},"rotation":{"x":-0.42637360095977785,"y":0.29831406474113467,"z":-0.15137794613838197,"w":-0.8404370546340942},"size":55.636173248291019,"orthographic":false}