{"cameraMode":{"drawMode":0,"name":"Shaded","section":"Shading Mode"},"sceneLighting":true,"audioPlay":false,"sceneViewState":{"showFog":false,"showMaterialUpdate":false,"showSkybox":false,"showFlares":false,"showImageEffects":false,"showParticleSystems":false},"in2DMode":false,"pivot":{"x":-4.92474365234375,"y":-0.4891986846923828,"z":4.52588415145874},"rotation":{"x":0.48627394437789919,"y":-0.12755218148231507,"z":0.07200167328119278,"w":0.8614429831504822},"size":20.300220489501954,"orthographic":false}