{"cameraMode":{"drawMode":0,"name":"Shaded","section":"Shading Mode"},"sceneLighting":true,"audioPlay":false,"sceneViewState":{"showFog":true,"showMaterialUpdate":true,"showSkybox":true,"showFlares":true,"showImageEffects":true,"showParticleSystems":true},"in2DMode":false,"pivot":{"x":32.461883544921878,"y":12.756607055664063,"z":-28.59679412841797},"rotation":{"x":0.0825078934431076,"y":0.8871682286262512,"z":-0.1746693253517151,"w":0.4190673828125},"size":153.2950897216797,"orthographic":false}