{"cameraMode":{"drawMode":0,"name":"Shaded","section":"Shading Mode"},"sceneLighting":true,"audioPlay":false,"sceneViewState":{"showFog":true,"showMaterialUpdate":true,"showSkybox":true,"showFlares":true,"showImageEffects":true,"showParticleSystems":true},"in2DMode":false,"pivot":{"x":0.19245225191116334,"y":3.1091370582580568,"z":-2.152830123901367},"rotation":{"x":0.0036521705333143474,"y":0.9883465766906738,"z":-0.1502821296453476,"w":0.02401772327721119},"size":18.280475616455079,"orthographic":false}